id,first_name,last_name,years_experience,headshot_url,age,height,weight,injury_status,rotowire_id
4430878,Jaxon,Smith-Njigba,2,https://a.espncdn.com/i/headshots/nfl/players/full/4430878.png,22.0,72.0,197.0,,
4567048,Kenneth,Walker,3,https://a.espncdn.com/i/headshots/nfl/players/full/4567048.png,23.0,69.0,211.0,,
4362887,Justin,Fields,4,https://a.espncdn.com/i/headshots/nfl/players/full/4362887.png,25.0,75.0,227.0,,
4426386,Roschon,Johnson,2,https://a.espncdn.com/i/headshots/nfl/players/full/4426386.png,23.0,72.0,225.0,,
4039160,Kylen,Granson,4,https://a.espncdn.com/i/headshots/nfl/players/full/4039160.png,26.0,75.0,242.0,,
4596448,Bucky,Irving,0,https://a.espncdn.com/i/headshots/college-football/players/full/4596448.png,21.0,70.0,195.0,,
4692590,Jalin,Hyatt,2,https://a.espncdn.com/i/headshots/nfl/players/full/4692590.png,22.0,72.0,185.0,,
3049916,Matt,Breida,7,https://a.espncdn.com/i/headshots/nfl/players/full/3049916.png,29.0,70.0,190.0,,
3924365,Hayden,Hurst,7,https://a.espncdn.com/i/headshots/nfl/players/full/3924365.png,30.0,76.0,245.0,,
3118892,Justin,Watson,7,https://a.espncdn.com/i/headshots/nfl/players/full/3118892.png,28.0,74.0,215.0,,
3059989,Nick,Mullens,6,https://a.espncdn.com/i/headshots/nfl/players/full/3059989.png,29.0,72.0,210.0,,
4408854,Jody,Fortson,4,https://a.espncdn.com/i/headshots/nfl/players/full/4408854.png,28.0,76.0,226.0,,
4575665,Jacob,Cowing,0,https://a.espncdn.com/i/headshots/college-football/players/full/4575665.png,23.0,69.0,171.0,,
4360516,Tyrone,Tracy,0,https://a.espncdn.com/i/headshots/college-football/players/full/4360516.png,24.0,71.0,210.0,,
3931391,Trenton,Irwin,5,https://a.espncdn.com/i/headshots/nfl/players/full/3931391.png,28.0,74.0,200.0,,
4429160,De'Von,Achane,2,https://a.espncdn.com/i/headshots/nfl/players/full/4429160.png,22.0,69.0,188.0,,
4362504,Brevin,Jordan,4,https://a.espncdn.com/i/headshots/nfl/players/full/4362504.png,23.0,75.0,245.0,,
4569618,Garrett,Wilson,3,https://a.espncdn.com/i/headshots/nfl/players/full/4569618.png,23.0,72.0,183.0,,
4875912,Tejhaun,Palmer,0,https://a.espncdn.com/i/headshots/college-football/players/full/4875912.png,24.0,74.0,210.0,,
2991662,Mack,Hollins,8,https://a.espncdn.com/i/headshots/nfl/players/full/2991662.png,30.0,76.0,221.0,,
4047646,A.J.,Brown,6,https://a.espncdn.com/i/headshots/nfl/players/full/4047646.png,26.0,73.0,226.0,,
4599739,Kendre,Miller,2,https://a.espncdn.com/i/headshots/nfl/players/full/4599739.png,22.0,72.0,205.0,,
4362238,Chase,Brown,2,https://a.espncdn.com/i/headshots/nfl/players/full/4362238.png,24.0,70.0,211.0,,
4428331,Rashee,Rice,2,https://a.espncdn.com/i/headshots/nfl/players/full/4428331.png,24.0,73.0,204.0,,
4683062,Xavier,Worthy,0,https://a.espncdn.com/i/headshots/college-football/players/full/4683062.png,21.0,71.0,165.0,,
4243003,Ronnie,Rivers,3,https://a.espncdn.com/i/headshots/nfl/players/full/4243003.png,25.0,69.0,192.0,,
4038941,Justin,Herbert,5,https://a.espncdn.com/i/headshots/nfl/players/full/4038941.png,26.0,78.0,236.0,,
4612826,Ladd,McConkey,0,https://a.espncdn.com/i/headshots/college-football/players/full/4612826.png,22.0,72.0,185.0,,
3046779,Jared,Goff,9,https://a.espncdn.com/i/headshots/nfl/players/full/3046779.png,29.0,76.0,217.0,,
4038524,Gardner,Minshew,6,https://a.espncdn.com/i/headshots/nfl/players/full/4038524.png,28.0,73.0,225.0,,
4241985,J.K.,Dobbins,5,https://a.espncdn.com/i/headshots/nfl/players/full/4241985.png,25.0,70.0,215.0,,
4240600,Kadarius,Toney,4,https://a.espncdn.com/i/headshots/nfl/players/full/4240600.png,25.0,72.0,193.0,,
4426948,Luke,McCaffrey,0,https://a.espncdn.com/i/headshots/college-football/players/full/4426948.png,23.0,74.0,198.0,,
3040151,George,Kittle,8,https://a.espncdn.com/i/headshots/nfl/players/full/3040151.png,30.0,76.0,250.0,,
4431588,Ja'Tavion,Sanders,0,https://a.espncdn.com/i/headshots/college-football/players/full/4431588.png,21.0,76.0,252.0,,
4360939,Rashod,Bateman,4,https://a.espncdn.com/i/headshots/nfl/players/full/4360939.png,24.0,73.0,197.0,,
4426388,Jameson,Williams,3,https://a.espncdn.com/i/headshots/nfl/players/full/4426388.png,23.0,73.0,180.0,,
4047365,Josh,Jacobs,6,https://a.espncdn.com/i/headshots/nfl/players/full/4047365.png,26.0,70.0,223.0,,
3128452,Jordan,Akins,7,https://a.espncdn.com/i/headshots/nfl/players/full/3128452.png,32.0,76.0,245.0,,
3051876,Evan,Engram,8,https://a.espncdn.com/i/headshots/nfl/players/full/3051876.png,29.0,75.0,240.0,,
4385690,Dalton,Kincaid,2,https://a.espncdn.com/i/headshots/nfl/players/full/4385690.png,24.0,76.0,240.0,,
4360248,Kyle,Pitts,4,https://a.espncdn.com/i/headshots/nfl/players/full/4360248.png,23.0,78.0,246.0,,
4241416,Chuba,Hubbard,4,https://a.espncdn.com/i/headshots/nfl/players/full/4241416.png,25.0,73.0,210.0,,
3046439,Hunter,Henry,9,https://a.espncdn.com/i/headshots/nfl/players/full/3046439.png,29.0,77.0,249.0,,
4428718,Tre,Tucker,2,https://a.espncdn.com/i/headshots/nfl/players/full/4428718.png,23.0,69.0,185.0,,
4431452,Drake,Maye,0,https://a.espncdn.com/i/headshots/college-football/players/full/4431452.png,21.0,76.0,225.0,,
4241410,Jelani,Woods,3,https://a.espncdn.com/i/headshots/nfl/players/full/4241410.png,25.0,79.0,253.0,,
2976316,Michael,Thomas,8,https://a.espncdn.com/i/headshots/nfl/players/full/2976316.png,31.0,75.0,212.0,,
4567156,Treylon,Burks,3,https://a.espncdn.com/i/headshots/nfl/players/full/4567156.png,24.0,74.0,225.0,,
4373634,Dallin,Holker,0,https://a.espncdn.com/i/headshots/college-football/players/full/4373634.png,24.0,75.0,241.0,,
3915511,Joe,Burrow,5,https://a.espncdn.com/i/headshots/nfl/players/full/3915511.png,27.0,76.0,215.0,,
4682745,Jaylen,Wright,0,https://a.espncdn.com/i/headshots/college-football/players/full/4682745.png,21.0,70.0,210.0,,
4241463,Jerry,Jeudy,5,https://a.espncdn.com/i/headshots/nfl/players/full/4241463.png,25.0,73.0,195.0,,
4248528,Christian,Watson,3,https://a.espncdn.com/i/headshots/nfl/players/full/4248528.png,25.0,76.0,208.0,,
4040761,Devin,Singletary,6,https://a.espncdn.com/i/headshots/nfl/players/full/4040761.png,26.0,67.0,203.0,,
4374302,Amon-Ra,St.,4,https://a.espncdn.com/i/headshots/nfl/players/full/4374302.png,24.0,72.0,202.0,,
2576581,Chris,Moore,9,https://a.espncdn.com/i/headshots/nfl/players/full/2576581.png,31.0,73.0,200.0,,
4372096,Luke,Schoonmaker,2,https://a.espncdn.com/i/headshots/nfl/players/full/4372096.png,25.0,77.0,250.0,,
4429023,MarShawn,Lloyd,0,https://a.espncdn.com/i/headshots/college-football/players/full/4429023.png,23.0,69.0,220.0,,
2998565,Mo,Alie-Cox,7,https://a.espncdn.com/i/headshots/nfl/players/full/2998565.png,30.0,77.0,267.0,,
4430027,Sam,LaPorta,2,https://a.espncdn.com/i/headshots/nfl/players/full/4430027.png,23.0,75.0,245.0,,
4431280,Troy,Franklin,0,https://a.espncdn.com/i/headshots/college-football/players/full/4431280.png,21.0,75.0,180.0,,
4686781,Brenden,Rice,0,https://a.espncdn.com/i/headshots/college-football/players/full/4686781.png,22.0,75.0,210.0,,
3054850,Alvin,Kamara,8,https://a.espncdn.com/i/headshots/nfl/players/full/3054850.png,28.0,70.0,215.0,,
4362630,Terrace,Marshall,4,https://a.espncdn.com/i/headshots/nfl/players/full/4362630.png,24.0,74.0,200.0,,
4241478,DeVonta,Smith,4,https://a.espncdn.com/i/headshots/nfl/players/full/4241478.png,25.0,72.0,170.0,,
4040655,Darnell,Mooney,5,https://a.espncdn.com/i/headshots/nfl/players/full/4040655.png,26.0,71.0,177.0,,
4426338,Bo,Nix,0,https://a.espncdn.com/i/headshots/college-football/players/full/4426338.png,24.0,74.0,217.0,,
16782,Jerick,McKinnon,10,https://a.espncdn.com/i/headshots/nfl/players/full/16782.png,32.0,69.0,209.0,,
4250764,Stone,Smartt,3,https://a.espncdn.com/i/headshots/nfl/players/full/4250764.png,25.0,76.0,226.0,,
3052587,Baker,Mayfield,7,https://a.espncdn.com/i/headshots/nfl/players/full/3052587.png,29.0,73.0,215.0,,
13982,Julio,Jones,13,https://a.espncdn.com/i/headshots/nfl/players/full/13982.png,35.0,75.0,220.0,,
4243315,Salvon,Ahmed,5,https://a.espncdn.com/i/headshots/nfl/players/full/4243315.png,25.0,71.0,197.0,,
4036335,Cedrick,Wilson,7,https://a.espncdn.com/i/headshots/nfl/players/full/4036335.png,29.0,74.0,197.0,,
4427095,DeMario,Douglas,2,https://a.espncdn.com/i/headshots/nfl/players/full/4427095.png,23.0,68.0,192.0,,
3929645,Juwan,Johnson,5,https://a.espncdn.com/i/headshots/nfl/players/full/3929645.png,27.0,76.0,231.0,,
3052897,Durham,Smythe,7,https://a.espncdn.com/i/headshots/nfl/players/full/3052897.png,28.0,78.0,246.0,,
4362619,Chris,Rodriguez,2,https://a.espncdn.com/i/headshots/nfl/players/full/4362619.png,24.0,71.0,224.0,,
4241263,Charlie,Kolar,3,https://a.espncdn.com/i/headshots/nfl/players/full/4241263.png,25.0,78.0,257.0,,
15864,Geno,Smith,12,https://a.espncdn.com/i/headshots/nfl/players/full/15864.png,33.0,75.0,221.0,,
4242557,Colby,Parkinson,5,https://a.espncdn.com/i/headshots/nfl/players/full/4242557.png,25.0,79.0,265.0,,
4372561,Isaac,Guerendo,0,https://a.espncdn.com/i/headshots/college-football/players/full/4372561.png,23.0,72.0,221.0,,
4686104,Johnny,Wilson,0,https://a.espncdn.com/i/headshots/college-football/players/full/4686104.png,23.0,78.0,228.0,,
3911853,Adam,Trautman,5,https://a.espncdn.com/i/headshots/nfl/players/full/3911853.png,27.0,77.0,253.0,,
3115394,DJ,Chark,7,https://a.espncdn.com/i/headshots/nfl/players/full/3115394.png,27.0,75.0,200.0,,
4429275,Trey,Benson,0,https://a.espncdn.com/i/headshots/college-football/players/full/4429275.png,21.0,73.0,223.0,,
3921690,Josh,Oliver,6,https://a.espncdn.com/i/headshots/nfl/players/full/3921690.png,27.0,77.0,259.0,,
4239996,Travis,Etienne,4,https://a.espncdn.com/i/headshots/nfl/players/full/4239996.png,25.0,70.0,215.0,,
4569609,Evan,Hull,2,https://a.espncdn.com/i/headshots/nfl/players/full/4569609.png,23.0,70.0,209.0,,
3128390,Allen,Lazard,6,https://a.espncdn.com/i/headshots/nfl/players/full/3128390.png,28.0,77.0,227.0,,
4428209,Ricky,Pearsall,0,https://a.espncdn.com/i/headshots/college-football/players/full/4428209.png,23.0,73.0,190.0,,
15795,DeAndre,Hopkins,11,https://a.espncdn.com/i/headshots/nfl/players/full/15795.png,32.0,73.0,212.0,,
3917914,Olamide,Zaccheaus,6,https://a.espncdn.com/i/headshots/nfl/players/full/3917914.png,26.0,68.0,193.0,,
3139602,D'Ernest,Johnson,6,https://a.espncdn.com/i/headshots/nfl/players/full/3139602.png,28.0,70.0,208.0,,
4426485,Jonathan,Mingo,2,https://a.espncdn.com/i/headshots/nfl/players/full/4426485.png,23.0,74.0,220.0,,
4427366,Breece,Hall,3,https://a.espncdn.com/i/headshots/nfl/players/full/4427366.png,23.0,73.0,220.0,,
3126486,Deebo,Samuel,6,https://a.espncdn.com/i/headshots/nfl/players/full/3126486.png,28.0,72.0,215.0,,
4242335,Jonathan,Taylor,5,https://a.espncdn.com/i/headshots/nfl/players/full/4242335.png,25.0,70.0,226.0,,
4036133,T.J.,Hockenson,6,https://a.espncdn.com/i/headshots/nfl/players/full/4036133.png,26.0,77.0,248.0,,
4689988,Jason,Brownlee,2,https://a.espncdn.com/i/headshots/nfl/players/full/4689988.png,25.0,75.0,202.0,,
4426354,George,Pickens,3,https://a.espncdn.com/i/headshots/nfl/players/full/4426354.png,23.0,75.0,200.0,,
4241474,Brian,Robinson,3,https://a.espncdn.com/i/headshots/nfl/players/full/4241474.png,25.0,73.0,228.0,,
4426891,Isaiah,Spiller,3,https://a.espncdn.com/i/headshots/nfl/players/full/4426891.png,22.0,73.0,215.0,,
4565908,Tyler,Scott,2,https://a.espncdn.com/i/headshots/nfl/players/full/4565908.png,22.0,71.0,185.0,,
4428796,Casey,Washington,0,https://a.espncdn.com/i/headshots/college-football/players/full/4428796.png,23.0,72.0,200.0,,
3918003,Brycen,Hopkins,4,https://a.espncdn.com/i/headshots/nfl/players/full/3918003.png,27.0,76.0,245.0,,
4361050,Isaiah,Likely,3,https://a.espncdn.com/i/headshots/nfl/players/full/4361050.png,24.0,76.0,241.0,,
3916945,Darius,Slayton,6,https://a.espncdn.com/i/headshots/nfl/players/full/3916945.png,27.0,73.0,198.0,,
2976499,Amari,Cooper,10,https://a.espncdn.com/i/headshots/nfl/players/full/2976499.png,30.0,73.0,211.0,,
4426515,Puka,Nacua,2,https://a.espncdn.com/i/headshots/nfl/players/full/4426515.png,23.0,74.0,212.0,,
3127292,Will,Dissly,7,https://a.espncdn.com/i/headshots/nfl/players/full/3127292.png,27.0,76.0,265.0,,
4362019,A.T.,Perry,2,https://a.espncdn.com/i/headshots/nfl/players/full/4362019.png,24.0,77.0,205.0,,
3043116,Demarcus,Robinson,9,https://a.espncdn.com/i/headshots/nfl/players/full/3043116.png,29.0,73.0,202.0,,
3916387,Lamar,Jackson,7,https://a.espncdn.com/i/headshots/nfl/players/full/3916387.png,27.0,74.0,215.0,,
16460,Adam,Thielen,11,https://a.espncdn.com/i/headshots/nfl/players/full/16460.png,33.0,74.0,195.0,,
4249836,Pierre,Strong,3,https://a.espncdn.com/i/headshots/nfl/players/full/4249836.png,25.0,71.0,215.0,,
4372485,Rondale,Moore,4,https://a.espncdn.com/i/headshots/nfl/players/full/4372485.png,24.0,67.0,181.0,,
3910544,Joshua,Kelley,4,https://a.espncdn.com/i/headshots/nfl/players/full/3910544.png,26.0,71.0,212.0,,
2971618,Nelson,Agholor,10,https://a.espncdn.com/i/headshots/nfl/players/full/2971618.png,31.0,72.0,200.0,,
2574808,Robbie,Chosen,8,https://a.espncdn.com/i/headshots/nfl/players/full/2574808.png,31.0,75.0,185.0,,
3122976,Jeff,Wilson,7,https://a.espncdn.com/i/headshots/nfl/players/full/3122976.png,27.0,72.0,210.0,,
3916433,Jakobi,Meyers,6,https://a.espncdn.com/i/headshots/nfl/players/full/3916433.png,27.0,74.0,200.0,,
4360405,Jake,Bobo,2,https://a.espncdn.com/i/headshots/nfl/players/full/4360405.png,25.0,76.0,207.0,,
4061956,Ashton,Dulin,6,https://a.espncdn.com/i/headshots/nfl/players/full/4061956.png,27.0,74.0,215.0,,
4036348,Michael,Gallup,7,https://a.espncdn.com/i/headshots/nfl/players/full/4036348.png,28.0,73.0,205.0,,
4241401,Trey,Sermon,4,https://a.espncdn.com/i/headshots/nfl/players/full/4241401.png,25.0,72.0,215.0,,
4696700,Tip,Reiman,0,https://a.espncdn.com/i/headshots/college-football/players/full/4696700.png,22.0,76.0,273.0,,
15920,Latavius,Murray,11,https://a.espncdn.com/i/headshots/nfl/players/full/15920.png,34.0,75.0,230.0,,
4360231,Lucas,Krull,2,https://a.espncdn.com/i/headshots/nfl/players/full/4360231.png,25.0,78.0,260.0,,
4426496,Cade,Stover,0,https://a.espncdn.com/i/headshots/college-football/players/full/4426496.png,24.0,76.0,255.0,,
4429205,Jordan,Addison,2,https://a.espncdn.com/i/headshots/nfl/players/full/4429205.png,22.0,71.0,175.0,,
3044720,Joshua,Dobbs,8,https://a.espncdn.com/i/headshots/nfl/players/full/3044720.png,29.0,75.0,220.0,,
4431611,Caleb,Williams,0,https://a.espncdn.com/i/headshots/college-football/players/full/4431611.png,22.0,73.0,215.0,,
3121422,Terry,McLaurin,6,https://a.espncdn.com/i/headshots/nfl/players/full/3121422.png,28.0,72.0,210.0,,
3886812,Jake,Browning,2,https://a.espncdn.com/i/headshots/nfl/players/full/3886812.png,28.0,74.0,209.0,,
4239934,AJ,Dillon,5,https://a.espncdn.com/i/headshots/nfl/players/full/4239934.png,26.0,72.0,247.0,,
4696882,Devontez,Walker,0,https://a.espncdn.com/i/headshots/college-football/players/full/4696882.png,23.0,73.0,191.0,,
4361370,Chris,Olave,3,https://a.espncdn.com/i/headshots/nfl/players/full/4361370.png,23.0,72.0,187.0,,
16760,Jimmy,Garoppolo,11,https://a.espncdn.com/i/headshots/nfl/players/full/16760.png,32.0,74.0,225.0,,
4036378,Jordan,Love,5,https://a.espncdn.com/i/headshots/nfl/players/full/4036378.png,25.0,76.0,219.0,,
16737,Mike,Evans,11,https://a.espncdn.com/i/headshots/nfl/players/full/16737.png,30.0,77.0,231.0,,
4243537,Gabe,Davis,5,https://a.espncdn.com/i/headshots/nfl/players/full/4243537.png,25.0,74.0,210.0,,
4259545,D'Andre,Swift,5,https://a.espncdn.com/i/headshots/nfl/players/full/4259545.png,25.0,69.0,215.0,,
4429202,Israel,Abanikanda,2,https://a.espncdn.com/i/headshots/nfl/players/full/4429202.png,21.0,70.0,216.0,,
15818,Keenan,Allen,12,https://a.espncdn.com/i/headshots/nfl/players/full/15818.png,32.0,74.0,211.0,,
3043078,Derrick,Henry,9,https://a.espncdn.com/i/headshots/nfl/players/full/3043078.png,30.0,74.0,247.0,,
4429033,Jermaine,Burton,0,https://a.espncdn.com/i/headshots/college-football/players/full/4429033.png,22.0,72.0,194.0,,
4361438,Cole,Turner,3,https://a.espncdn.com/i/headshots/nfl/players/full/4361438.png,24.0,78.0,240.0,,
2976212,Stefon,Diggs,10,https://a.espncdn.com/i/headshots/nfl/players/full/2976212.png,30.0,72.0,191.0,,
4362628,Ja'Marr,Chase,4,https://a.espncdn.com/i/headshots/nfl/players/full/4362628.png,24.0,72.0,201.0,,
4367209,Greg,Dulcich,3,https://a.espncdn.com/i/headshots/nfl/players/full/4367209.png,24.0,76.0,245.0,,
4035004,Mecole,Hardman,6,https://a.espncdn.com/i/headshots/nfl/players/full/4035004.png,26.0,70.0,187.0,,
4242433,Joshua,Palmer,4,https://a.espncdn.com/i/headshots/nfl/players/full/4242433.png,24.0,73.0,210.0,,
3061612,Jamal,Agnew,7,https://a.espncdn.com/i/headshots/nfl/players/full/3061612.png,29.0,70.0,190.0,,
4241961,Connor,Heyward,3,https://a.espncdn.com/i/headshots/nfl/players/full/4241961.png,25.0,72.0,230.0,,
4361418,Will,Levis,2,https://a.espncdn.com/i/headshots/nfl/players/full/4361418.png,24.0,76.0,229.0,,
15835,Zach,Ertz,12,https://a.espncdn.com/i/headshots/nfl/players/full/15835.png,33.0,77.0,250.0,,
3116593,Dalvin,Cook,7,https://a.espncdn.com/i/headshots/nfl/players/full/3116593.png,28.0,70.0,210.0,,
4362523,Will,Mallory,2,https://a.espncdn.com/i/headshots/nfl/players/full/4362523.png,24.0,76.0,239.0,,
4678008,Jonathon,Brooks,0,https://a.espncdn.com/i/headshots/college-football/players/full/4678008.png,20.0,72.0,207.0,,
3054212,Jonnu,Smith,8,https://a.espncdn.com/i/headshots/nfl/players/full/3054212.png,28.0,75.0,248.0,,
4429096,Blake,Corum,0,https://a.espncdn.com/i/headshots/college-football/players/full/4429096.png,23.0,68.0,210.0,,
4240657,Michael,Carter,4,https://a.espncdn.com/i/headshots/nfl/players/full/4240657.png,25.0,68.0,201.0,,
3045138,Mike,Williams,8,https://a.espncdn.com/i/headshots/nfl/players/full/3045138.png,29.0,76.0,218.0,,
4570409,David,Bell,3,https://a.espncdn.com/i/headshots/nfl/players/full/4570409.png,23.0,73.0,212.0,,
4372414,Elijah,Moore,4,https://a.espncdn.com/i/headshots/nfl/players/full/4372414.png,24.0,70.0,180.0,,
4361307,Trey,McBride,3,https://a.espncdn.com/i/headshots/nfl/players/full/4361307.png,24.0,76.0,246.0,,
3128429,Courtland,Sutton,7,https://a.espncdn.com/i/headshots/nfl/players/full/3128429.png,28.0,76.0,216.0,,
4430737,Kyren,Williams,3,https://a.espncdn.com/i/headshots/nfl/players/full/4430737.png,23.0,69.0,202.0,,
4240472,Noah,Gray,4,https://a.espncdn.com/i/headshots/nfl/players/full/4240472.png,25.0,75.0,240.0,,
4697815,Rachaad,White,3,https://a.espncdn.com/i/headshots/nfl/players/full/4697815.png,25.0,72.0,214.0,,
4361411,Pat,Freiermuth,4,https://a.espncdn.com/i/headshots/nfl/players/full/4361411.png,25.0,77.0,258.0,,
2565969,Taylor,Heinicke,10,https://a.espncdn.com/i/headshots/nfl/players/full/2565969.png,31.0,73.0,210.0,,
3116165,Chris,Godwin,8,https://a.espncdn.com/i/headshots/nfl/players/full/3116165.png,28.0,73.0,209.0,,
4432620,Parker,Washington,2,https://a.espncdn.com/i/headshots/nfl/players/full/4432620.png,22.0,70.0,212.0,,
4040715,Jalen,Hurts,5,https://a.espncdn.com/i/headshots/nfl/players/full/4040715.png,25.0,73.0,223.0,,
3916566,K.J.,Osborn,5,https://a.espncdn.com/i/headshots/nfl/players/full/3916566.png,27.0,72.0,200.0,,
4431299,Rome,Odunze,0,https://a.espncdn.com/i/headshots/college-football/players/full/4431299.png,22.0,75.0,215.0,,
14880,Kirk,Cousins,13,https://a.espncdn.com/i/headshots/nfl/players/full/14880.png,35.0,75.0,205.0,,
3123076,David,Njoku,8,https://a.espncdn.com/i/headshots/nfl/players/full/3123076.png,27.0,76.0,246.0,,
4241457,Najee,Harris,4,https://a.espncdn.com/i/headshots/nfl/players/full/4241457.png,26.0,73.0,242.0,,
2468609,Taysom,Hill,8,https://a.espncdn.com/i/headshots/nfl/players/full/2468609.png,33.0,74.0,221.0,,
3050481,Tanner,Hudson,5,https://a.espncdn.com/i/headshots/nfl/players/full/3050481.png,29.0,77.0,239.0,,
16731,Brandin,Cooks,11,https://a.espncdn.com/i/headshots/nfl/players/full/16731.png,30.0,70.0,189.0,,
4429013,Tank,Bigsby,2,https://a.espncdn.com/i/headshots/nfl/players/full/4429013.png,22.0,72.0,213.0,,
4427985,Bub,Means,0,https://a.espncdn.com/i/headshots/college-football/players/full/4427985.png,23.0,74.0,215.0,,
4239086,Desmond,Ridder,3,https://a.espncdn.com/i/headshots/nfl/players/full/4239086.png,24.0,75.0,207.0,,
3932905,Diontae,Johnson,6,https://a.espncdn.com/i/headshots/nfl/players/full/3932905.png,27.0,70.0,183.0,,
4360086,Josh,Whyle,2,https://a.espncdn.com/i/headshots/nfl/players/full/4360086.png,24.0,79.0,248.0,,
2573401,Tyler,Higbee,9,https://a.espncdn.com/i/headshots/nfl/players/full/2573401.png,31.0,78.0,255.0,,
4361516,Daniel,Bellinger,3,https://a.espncdn.com/i/headshots/nfl/players/full/4361516.png,23.0,78.0,255.0,,
3051392,Ezekiel,Elliott,9,https://a.espncdn.com/i/headshots/nfl/players/full/3051392.png,28.0,72.0,228.0,,
4361777,Zamir,White,3,https://a.espncdn.com/i/headshots/nfl/players/full/4361777.png,24.0,72.0,215.0,,
3117251,Christian,McCaffrey,8,https://a.espncdn.com/i/headshots/nfl/players/full/3117251.png,28.0,71.0,210.0,,
3116385,Joe,Mixon,8,https://a.espncdn.com/i/headshots/nfl/players/full/3116385.png,27.0,73.0,228.0,,
3929785,Nick,Westbrook-Ikhine,5,https://a.espncdn.com/i/headshots/nfl/players/full/3929785.png,27.0,74.0,211.0,,
4722893,Jaleel,McLaughlin,2,https://a.espncdn.com/i/headshots/nfl/players/full/4722893.png,23.0,67.0,187.0,,
4569987,Jaylen,Warren,3,https://a.espncdn.com/i/headshots/nfl/players/full/4569987.png,25.0,68.0,215.0,,
4241389,CeeDee,Lamb,5,https://a.espncdn.com/i/headshots/nfl/players/full/4241389.png,25.0,74.0,200.0,,
15880,Robert,Woods,12,https://a.espncdn.com/i/headshots/nfl/players/full/15880.png,32.0,72.0,195.0,,
4428085,Luke,Musgrave,2,https://a.espncdn.com/i/headshots/nfl/players/full/4428085.png,23.0,78.0,253.0,,
4241479,Tua,Tagovailoa,5,https://a.espncdn.com/i/headshots/nfl/players/full/4241479.png,26.0,73.0,227.0,,
16813,Logan,Thomas,10,https://a.espncdn.com/i/headshots/nfl/players/full/16813.png,32.0,78.0,250.0,,
4048244,Alexander,Mattison,6,https://a.espncdn.com/i/headshots/nfl/players/full/4048244.png,26.0,71.0,220.0,,
4361529,Isiah,Pacheco,3,https://a.espncdn.com/i/headshots/nfl/players/full/4361529.png,25.0,70.0,216.0,,
4243331,Cade,Otton,3,https://a.espncdn.com/i/headshots/nfl/players/full/4243331.png,25.0,77.0,247.0,,
3895856,Christian,Kirk,7,https://a.espncdn.com/i/headshots/nfl/players/full/3895856.png,27.0,71.0,200.0,,
4690923,Ben,Sinnott,0,https://a.espncdn.com/i/headshots/college-football/players/full/4690923.png,22.0,76.0,247.0,,
2577327,Tyler,Lockett,10,https://a.espncdn.com/i/headshots/nfl/players/full/2577327.png,31.0,70.0,182.0,,
3929630,Saquon,Barkley,7,https://a.espncdn.com/i/headshots/nfl/players/full/3929630.png,27.0,72.0,233.0,,
4262921,Justin,Jefferson,5,https://a.espncdn.com/i/headshots/nfl/players/full/4262921.png,25.0,73.0,195.0,,
4429501,Ray,Davis,0,https://a.espncdn.com/i/headshots/college-football/players/full/4429501.png,24.0,68.0,220.0,,
4242355,Jake,Ferguson,3,https://a.espncdn.com/i/headshots/nfl/players/full/4242355.png,25.0,77.0,244.0,,
4372019,Jerome,Ford,3,https://a.espncdn.com/i/headshots/nfl/players/full/4372019.png,24.0,70.0,210.0,,
4431492,Roman,Wilson,0,https://a.espncdn.com/i/headshots/college-football/players/full/4431492.png,23.0,70.0,186.0,,
4372505,Payne,Durham,2,https://a.espncdn.com/i/headshots/nfl/players/full/4372505.png,24.0,77.0,255.0,,
4360310,Trevor,Lawrence,4,https://a.espncdn.com/i/headshots/nfl/players/full/4360310.png,24.0,78.0,220.0,,
3117256,Dalton,Schultz,7,https://a.espncdn.com/i/headshots/nfl/players/full/3117256.png,27.0,77.0,244.0,,
4688813,Josh,Downs,2,https://a.espncdn.com/i/headshots/nfl/players/full/4688813.png,22.0,69.0,171.0,,
4361741,Brock,Purdy,3,https://a.espncdn.com/i/headshots/nfl/players/full/4361741.png,24.0,73.0,220.0,,
4360438,Brandon,Aiyuk,5,https://a.espncdn.com/i/headshots/nfl/players/full/4360438.png,26.0,72.0,200.0,,
4426502,Drake,London,3,https://a.espncdn.com/i/headshots/nfl/players/full/4426502.png,22.0,76.0,213.0,,
3125116,D'Onta,Foreman,6,https://a.espncdn.com/i/headshots/nfl/players/full/3125116.png,28.0,72.0,235.0,,
4258595,Cole,Kmet,5,https://a.espncdn.com/i/headshots/nfl/players/full/4258595.png,25.0,78.0,260.0,,
2980453,Jamaal,Williams,8,https://a.espncdn.com/i/headshots/nfl/players/full/2980453.png,29.0,72.0,224.0,,
4249417,Jalen,Tolbert,3,https://a.espncdn.com/i/headshots/nfl/players/full/4249417.png,25.0,73.0,195.0,,
4384171,Tanner,McLachlan,0,https://a.espncdn.com/i/headshots/college-football/players/full/4384171.png,25.0,77.0,245.0,,
3045523,Kendrick,Bourne,8,https://a.espncdn.com/i/headshots/nfl/players/full/3045523.png,28.0,73.0,205.0,,
4035687,Michael,Pittman,5,https://a.espncdn.com/i/headshots/nfl/players/full/4035687.png,26.0,76.0,223.0,,
4430637,Ja'Lynn,Polk,0,https://a.espncdn.com/i/headshots/college-football/players/full/4430637.png,22.0,73.0,203.0,,
3120590,Easton,Stick,6,https://a.espncdn.com/i/headshots/nfl/players/full/3120590.png,28.0,73.0,224.0,,
4426348,Jayden,Daniels,0,https://a.espncdn.com/i/headshots/college-football/players/full/4426348.png,23.0,76.0,210.0,,
4244049,Quintin,Morris,3,https://a.espncdn.com/i/headshots/nfl/players/full/4244049.png,25.0,74.0,252.0,,
4426407,Trey,Palmer,2,https://a.espncdn.com/i/headshots/nfl/players/full/4426407.png,23.0,73.0,190.0,,
4596334,Keaton,Mitchell,2,https://a.espncdn.com/i/headshots/nfl/players/full/4596334.png,22.0,68.0,191.0,,
4430968,Kimani,Vidal,0,https://a.espncdn.com/i/headshots/college-football/players/full/4430968.png,22.0,68.0,215.0,,
4429025,Quentin,Johnston,2,https://a.espncdn.com/i/headshots/nfl/players/full/4429025.png,22.0,76.0,215.0,,
3051926,Gus,Edwards,7,https://a.espncdn.com/i/headshots/nfl/players/full/3051926.png,29.0,73.0,238.0,,
4035886,Khalil,Herbert,4,https://a.espncdn.com/i/headshots/nfl/players/full/4035886.png,26.0,69.0,212.0,,
4428850,Dontayvion,Wicks,2,https://a.espncdn.com/i/headshots/nfl/players/full/4428850.png,23.0,73.0,206.0,,
4432665,Brock,Bowers,0,https://a.espncdn.com/i/headshots/college-football/players/full/4432665.png,21.0,76.0,230.0,,
4429086,Michael,Mayer,2,https://a.espncdn.com/i/headshots/nfl/players/full/4429086.png,22.0,76.0,265.0,,
4429615,Zay,Flowers,2,https://a.espncdn.com/i/headshots/nfl/players/full/4429615.png,23.0,69.0,182.0,,
4259305,Bo,Melton,1,https://a.espncdn.com/i/headshots/nfl/players/full/4259305.png,25.0,71.0,189.0,,
4426844,Elijah,Higgins,2,https://a.espncdn.com/i/headshots/nfl/players/full/4426844.png,23.0,75.0,235.0,,
4428557,Tyjae,Spears,2,https://a.espncdn.com/i/headshots/nfl/players/full/4428557.png,23.0,71.0,195.0,,
4360797,Tutu,Atwell,4,https://a.espncdn.com/i/headshots/nfl/players/full/4360797.png,24.0,69.0,165.0,,
4428532,Ainias,Smith,0,https://a.espncdn.com/i/headshots/college-football/players/full/4428532.png,23.0,69.0,176.0,,
4431453,Deuce,Vaughn,2,https://a.espncdn.com/i/headshots/nfl/players/full/4431453.png,22.0,66.0,176.0,,
2973405,Kalif,Raymond,8,https://a.espncdn.com/i/headshots/nfl/players/full/2973405.png,29.0,68.0,180.0,,
4430723,Jared,Wiley,0,https://a.espncdn.com/i/headshots/college-football/players/full/4430723.png,23.0,78.0,249.0,,
3121023,Dallas,Goedert,7,https://a.espncdn.com/i/headshots/nfl/players/full/3121023.png,29.0,77.0,256.0,,
4369863,Cedric,Tillman,2,https://a.espncdn.com/i/headshots/nfl/players/full/4369863.png,24.0,75.0,215.0,,
3916148,Tony,Pollard,6,https://a.espncdn.com/i/headshots/nfl/players/full/3916148.png,27.0,72.0,215.0,,
4361579,Javonte,Williams,4,https://a.espncdn.com/i/headshots/nfl/players/full/4361579.png,24.0,70.0,220.0,,
4038815,Rico,Dowdle,5,https://a.espncdn.com/i/headshots/nfl/players/full/4038815.png,26.0,72.0,215.0,,
4037235,Greg,Dortch,4,https://a.espncdn.com/i/headshots/nfl/players/full/4037235.png,26.0,67.0,175.0,,
2977187,Cooper,Kupp,8,https://a.espncdn.com/i/headshots/nfl/players/full/2977187.png,31.0,74.0,207.0,,
4040774,Harrison,Bryant,5,https://a.espncdn.com/i/headshots/nfl/players/full/4040774.png,26.0,77.0,230.0,,
3116365,Mark,Andrews,7,https://a.espncdn.com/i/headshots/nfl/players/full/3116365.png,28.0,77.0,247.0,,
3122840,Deshaun,Watson,8,https://a.espncdn.com/i/headshots/nfl/players/full/3122840.png,28.0,75.0,223.0,,
3059915,Kareem,Hunt,7,https://a.espncdn.com/i/headshots/nfl/players/full/3059915.png,28.0,71.0,216.0,,
12483,Matthew,Stafford,16,https://a.espncdn.com/i/headshots/nfl/players/full/12483.png,36.0,75.0,214.0,,
4242392,Brock,Wright,4,https://a.espncdn.com/i/headshots/nfl/players/full/4242392.png,25.0,77.0,250.0,,
3068267,Austin,Ekeler,8,https://a.espncdn.com/i/headshots/nfl/players/full/3068267.png,29.0,69.0,200.0,,
3045147,James,Conner,8,https://a.espncdn.com/i/headshots/nfl/players/full/3045147.png,29.0,73.0,233.0,,
3843945,Foster,Moreau,6,https://a.espncdn.com/i/headshots/nfl/players/full/3843945.png,27.0,76.0,250.0,,
3039707,Mitchell,Trubisky,8,https://a.espncdn.com/i/headshots/nfl/players/full/3039707.png,29.0,75.0,222.0,,
3119195,Chase,Edmonds,7,https://a.espncdn.com/i/headshots/nfl/players/full/3119195.png,28.0,69.0,201.0,,
3115306,Josh,Reynolds,7,https://a.espncdn.com/i/headshots/nfl/players/full/3115306.png,29.0,75.0,192.0,,
4570674,Kevin,Harris,2,https://a.espncdn.com/i/headshots/nfl/players/full/4570674.png,23.0,70.0,225.0,,
4241372,Marquise,Brown,6,https://a.espncdn.com/i/headshots/nfl/players/full/4241372.png,27.0,69.0,180.0,,
4032473,Rashid,Shaheed,3,https://a.espncdn.com/i/headshots/nfl/players/full/4032473.png,25.0,72.0,180.0,,
2577667,Damiere,Byrd,9,https://a.espncdn.com/i/headshots/nfl/players/full/2577667.png,31.0,69.0,175.0,,
3918639,Gerald,Everett,8,https://a.espncdn.com/i/headshots/nfl/players/full/3918639.png,29.0,75.0,245.0,,
3116406,Tyreek,Hill,9,https://a.espncdn.com/i/headshots/nfl/players/full/3116406.png,30.0,70.0,191.0,,
15847,Travis,Kelce,12,https://a.espncdn.com/i/headshots/nfl/players/full/15847.png,34.0,77.0,250.0,,
4429262,Jaheim,Bell,0,https://a.espncdn.com/i/headshots/college-football/players/full/4429262.png,23.0,74.0,241.0,,
4569587,Wan'Dale,Robinson,3,https://a.espncdn.com/i/headshots/nfl/players/full/4569587.png,23.0,68.0,185.0,,
4241464,Mac,Jones,4,https://a.espncdn.com/i/headshots/nfl/players/full/4241464.png,25.0,75.0,214.0,,
4432708,Marvin,Harrison,0,https://a.espncdn.com/i/headshots/college-football/players/full/4432708.png,21.0,76.0,205.0,,
3915416,DJ,Moore,7,https://a.espncdn.com/i/headshots/nfl/players/full/3915416.png,27.0,71.0,210.0,,
4258173,Nico,Collins,4,https://a.espncdn.com/i/headshots/nfl/players/full/4258173.png,25.0,76.0,215.0,,
8439,Aaron,Rodgers,20,https://a.espncdn.com/i/headshots/nfl/players/full/8439.png,40.0,74.0,223.0,,
16733,Odell,Beckham,10,https://a.espncdn.com/i/headshots/nfl/players/full/16733.png,31.0,71.0,200.0,,
15807,Cordarrelle,Patterson,12,https://a.espncdn.com/i/headshots/nfl/players/full/15807.png,33.0,74.0,220.0,,
3917792,Daniel,Jones,6,https://a.espncdn.com/i/headshots/nfl/players/full/3917792.png,27.0,77.0,230.0,,
2971281,Pharaoh,Brown,7,https://a.espncdn.com/i/headshots/nfl/players/full/2971281.png,30.0,77.0,246.0,,
4239993,Tee,Higgins,5,https://a.espncdn.com/i/headshots/nfl/players/full/4239993.png,25.0,76.0,219.0,,
3045144,Tyler,Boyd,9,https://a.espncdn.com/i/headshots/nfl/players/full/3045144.png,29.0,74.0,203.0,,
2577417,Dak,Prescott,9,https://a.espncdn.com/i/headshots/nfl/players/full/2577417.png,30.0,74.0,238.0,,
3918298,Josh,Allen,7,https://a.espncdn.com/i/headshots/nfl/players/full/3918298.png,28.0,77.0,237.0,,
4371733,Kenneth,Gainwell,4,https://a.espncdn.com/i/headshots/nfl/players/full/4371733.png,25.0,69.0,200.0,,
4379399,James,Cook,3,https://a.espncdn.com/i/headshots/nfl/players/full/4379399.png,24.0,71.0,190.0,,
3915486,Tyler,Conklin,7,https://a.espncdn.com/i/headshots/nfl/players/full/3915486.png,28.0,75.0,248.0,,
3128720,Nick,Chubb,7,https://a.espncdn.com/i/headshots/nfl/players/full/3128720.png,28.0,71.0,227.0,,
16799,Allen,Robinson,11,https://a.espncdn.com/i/headshots/nfl/players/full/16799.png,30.0,74.0,210.0,,
3120348,JuJu,Smith-Schuster,8,https://a.espncdn.com/i/headshots/nfl/players/full/3120348.png,27.0,73.0,215.0,,
3052096,Johnny,Mundt,7,https://a.espncdn.com/i/headshots/nfl/players/full/3052096.png,29.0,76.0,233.0,,
16800,Davante,Adams,11,https://a.espncdn.com/i/headshots/nfl/players/full/16800.png,31.0,73.0,215.0,,
4434153,Tyson,Bagent,2,https://a.espncdn.com/i/headshots/nfl/players/full/4434153.png,24.0,75.0,213.0,,
2975674,Robert,Tonyan,7,https://a.espncdn.com/i/headshots/nfl/players/full/2975674.png,30.0,77.0,240.0,,
4426385,Zach,Charbonnet,2,https://a.espncdn.com/i/headshots/nfl/players/full/4426385.png,23.0,73.0,214.0,,
4366031,Tank,Dell,2,https://a.espncdn.com/i/headshots/nfl/players/full/4366031.png,24.0,70.0,165.0,,
4241555,Elijah,Mitchell,4,https://a.espncdn.com/i/headshots/nfl/players/full/4241555.png,26.0,70.0,200.0,,
4372780,Tommy,Tremble,4,https://a.espncdn.com/i/headshots/nfl/players/full/4372780.png,24.0,76.0,250.0,,
4429148,Theo,Johnson,0,https://a.espncdn.com/i/headshots/college-football/players/full/4429148.png,23.0,78.0,264.0,,
4050373,Quez,Watkins,5,https://a.espncdn.com/i/headshots/nfl/players/full/4050373.png,26.0,72.0,193.0,,
4685720,Bryce,Young,2,https://a.espncdn.com/i/headshots/nfl/players/full/4685720.png,22.0,70.0,204.0,,
2576623,DeVante,Parker,10,https://a.espncdn.com/i/headshots/nfl/players/full/2576623.png,31.0,75.0,218.0,,
4569173,Rhamondre,Stevenson,4,https://a.espncdn.com/i/headshots/nfl/players/full/4569173.png,26.0,72.0,227.0,,
4362249,Jayden,Reed,2,https://a.espncdn.com/i/headshots/nfl/players/full/4362249.png,24.0,71.0,187.0,,
4240021,Cam,Akers,3,https://a.espncdn.com/i/headshots/nfl/players/full/4240021.png,24.0,70.0,217.0,,
3121409,Noah,Brown,8,https://a.espncdn.com/i/headshots/nfl/players/full/3121409.png,28.0,74.0,215.0,,
4360238,Dameon,Pierce,3,https://a.espncdn.com/i/headshots/nfl/players/full/4360238.png,24.0,70.0,218.0,,
4433970,J.J.,McCarthy,0,https://a.espncdn.com/i/headshots/college-football/players/full/4433970.png,21.0,75.0,219.0,,
4361372,Jeremy,Ruckert,3,https://a.espncdn.com/i/headshots/nfl/players/full/4361372.png,23.0,77.0,250.0,,
4430539,Brenton,Strange,2,https://a.espncdn.com/i/headshots/nfl/players/full/4430539.png,23.0,75.0,247.0,,
4360635,Chigoziem,Okonkwo,3,https://a.espncdn.com/i/headshots/nfl/players/full/4360635.png,24.0,75.0,238.0,,
4242431,Ty,Chandler,3,https://a.espncdn.com/i/headshots/nfl/players/full/4242431.png,26.0,71.0,204.0,,
3917315,Kyler,Murray,6,https://a.espncdn.com/i/headshots/nfl/players/full/3917315.png,26.0,70.0,207.0,,
4430034,Xavier,Legette,0,https://a.espncdn.com/i/headshots/college-football/players/full/4430034.png,23.0,75.0,227.0,,
4427575,Jha'Quan,Jackson,0,https://a.espncdn.com/i/headshots/college-football/players/full/4427575.png,24.0,69.0,188.0,,
3059722,Zay,Jones,8,https://a.espncdn.com/i/headshots/nfl/players/full/3059722.png,29.0,74.0,200.0,,
3051738,Marquez,Valdes-Scantling,7,https://a.espncdn.com/i/headshots/nfl/players/full/3051738.png,29.0,76.0,206.0,,
4360761,Michael,Wilson,2,https://a.espncdn.com/i/headshots/nfl/players/full/4360761.png,24.0,74.0,213.0,,
4426553,Davis,Allen,2,https://a.espncdn.com/i/headshots/nfl/players/full/4426553.png,23.0,78.0,251.0,,
3116389,Samaje,Perine,8,https://a.espncdn.com/i/headshots/nfl/players/full/3116389.png,28.0,70.0,236.0,,
3925357,Calvin,Ridley,6,https://a.espncdn.com/i/headshots/nfl/players/full/3925357.png,29.0,73.0,190.0,,
3127310,Drew,Sample,6,https://a.espncdn.com/i/headshots/nfl/players/full/3127310.png,28.0,77.0,255.0,,
2977800,Alex,Erickson,7,https://a.espncdn.com/i/headshots/nfl/players/full/2977800.png,31.0,72.0,195.0,,
4242214,Clyde,Edwards-Helaire,5,https://a.espncdn.com/i/headshots/nfl/players/full/4242214.png,25.0,67.0,207.0,,
4572680,Tucker,Kraft,2,https://a.espncdn.com/i/headshots/nfl/players/full/4572680.png,23.0,77.0,259.0,,
11252,Joe,Flacco,18,https://a.espncdn.com/i/headshots/nfl/players/full/11252.png,39.0,78.0,230.0,,
4597500,Adonai,Mitchell,0,https://a.espncdn.com/i/headshots/college-football/players/full/4597500.png,21.0,74.0,205.0,,
4613104,Malachi,Corley,0,https://a.espncdn.com/i/headshots/college-football/players/full/4613104.png,22.0,71.0,215.0,,
4047650,DK,Metcalf,6,https://a.espncdn.com/i/headshots/nfl/players/full/4047650.png,26.0,76.0,235.0,,
3930086,Dawson,Knox,6,https://a.espncdn.com/i/headshots/nfl/players/full/3930086.png,27.0,76.0,254.0,,
4361409,Jahan,Dotson,3,https://a.espncdn.com/i/headshots/nfl/players/full/4361409.png,24.0,71.0,182.0,,
4361432,Romeo,Doubs,3,https://a.espncdn.com/i/headshots/nfl/players/full/4361432.png,24.0,74.0,204.0,,
14876,Ryan,Tannehill,12,https://a.espncdn.com/i/headshots/nfl/players/full/14876.png,35.0,76.0,217.0,,
4360294,Antonio,Gibson,5,https://a.espncdn.com/i/headshots/nfl/players/full/4360294.png,25.0,72.0,228.0,,
4569682,Audric,Estime,0,https://a.espncdn.com/i/headshots/college-football/players/full/4569682.png,20.0,71.0,227.0,,
16757,Derek,Carr,11,https://a.espncdn.com/i/headshots/nfl/players/full/16757.png,33.0,75.0,215.0,,
3116164,Mike,Gesicki,7,https://a.espncdn.com/i/headshots/nfl/players/full/3116164.png,28.0,78.0,252.0,,
4360569,Jordan,Mason,3,https://a.espncdn.com/i/headshots/nfl/players/full/4360569.png,25.0,71.0,223.0,,
4432577,C.J.,Stroud,2,https://a.espncdn.com/i/headshots/nfl/players/full/4432577.png,22.0,75.0,218.0,,
2576414,Raheem,Mostert,10,https://a.espncdn.com/i/headshots/nfl/players/full/2576414.png,32.0,70.0,205.0,,
4373626,Tyler,Allgeier,3,https://a.espncdn.com/i/headshots/nfl/players/full/4373626.png,24.0,71.0,220.0,,
4035538,David,Montgomery,6,https://a.espncdn.com/i/headshots/nfl/players/full/4035538.png,27.0,71.0,224.0,,
4372016,Jaylen,Waddle,4,https://a.espncdn.com/i/headshots/nfl/players/full/4372016.png,25.0,70.0,185.0,,
4635008,Keon,Coleman,0,https://a.espncdn.com/i/headshots/college-football/players/full/4635008.png,21.0,76.0,215.0,,
3886598,Jauan,Jennings,4,https://a.espncdn.com/i/headshots/nfl/players/full/3886598.png,26.0,75.0,212.0,,
2574576,C.J.,Uzomah,10,https://a.espncdn.com/i/headshots/nfl/players/full/2574576.png,31.0,77.0,271.0,,
3912092,Donald,Parham,5,https://a.espncdn.com/i/headshots/nfl/players/full/3912092.png,26.0,80.0,237.0,,
3121427,Curtis,Samuel,8,https://a.espncdn.com/i/headshots/nfl/players/full/3121427.png,27.0,71.0,195.0,,
4035198,Brandon,Johnson,3,https://a.espncdn.com/i/headshots/nfl/players/full/4035198.png,25.0,74.0,195.0,,
4040980,Irv,Smith,6,https://a.espncdn.com/i/headshots/nfl/players/full/4040980.png,25.0,74.0,240.0,,
4426875,Sam,Howell,3,https://a.espncdn.com/i/headshots/nfl/players/full/4426875.png,23.0,73.0,220.0,,
4430807,Bijan,Robinson,2,https://a.espncdn.com/i/headshots/nfl/players/full/4430807.png,22.0,71.0,215.0,,
4240603,Malik,Davis,2,https://a.espncdn.com/i/headshots/nfl/players/full/4240603.png,25.0,71.0,202.0,,
4576297,AJ,Barner,0,https://a.espncdn.com/i/headshots/college-football/players/full/4576297.png,22.0,78.0,251.0,,
4036131,Noah,Fant,6,https://a.espncdn.com/i/headshots/nfl/players/full/4036131.png,26.0,76.0,249.0,,
14881,Russell,Wilson,13,https://a.espncdn.com/i/headshots/nfl/players/full/14881.png,35.0,71.0,206.0,,
4686472,Marvin,Mims,2,https://a.espncdn.com/i/headshots/nfl/players/full/4686472.png,22.0,71.0,182.0,,
3912547,Sam,Darnold,7,https://a.espncdn.com/i/headshots/nfl/players/full/3912547.png,27.0,75.0,225.0,,
4045163,Miles,Sanders,6,https://a.espncdn.com/i/headshots/nfl/players/full/4045163.png,27.0,71.0,210.0,,
4692022,Javon,Baker,0,https://a.espncdn.com/i/headshots/college-football/players/full/4692022.png,22.0,73.0,202.0,,
4242540,Isaiah,Hodgins,4,https://a.espncdn.com/i/headshots/nfl/players/full/4242540.png,25.0,75.0,200.0,,
4595348,Malik,Nabers,0,https://a.espncdn.com/i/headshots/college-football/players/full/4595348.png,20.0,72.0,200.0,,
3042519,Aaron,Jones,8,https://a.espncdn.com/i/headshots/nfl/players/full/3042519.png,29.0,69.0,208.0,,
4361112,Devin,Culp,0,https://a.espncdn.com/i/headshots/college-football/players/full/4361112.png,24.0,76.0,237.0,,
4361259,Zach,Wilson,3,https://a.espncdn.com/i/headshots/nfl/players/full/4361259.png,24.0,74.0,214.0,,
4432773,Brian,Thomas,0,https://a.espncdn.com/i/headshots/college-football/players/full/4432773.png,21.0,76.0,205.0,,
3043275,Austin,Hooper,9,https://a.espncdn.com/i/headshots/nfl/players/full/3043275.png,29.0,76.0,254.0,,
4360078,Alec,Pierce,3,https://a.espncdn.com/i/headshots/nfl/players/full/4360078.png,24.0,75.0,211.0,,
3135321,Hunter,Renfrow,5,https://a.espncdn.com/i/headshots/nfl/players/full/3135321.png,28.0,70.0,185.0,,
4035676,Zack,Moss,5,https://a.espncdn.com/i/headshots/nfl/players/full/4035676.png,26.0,70.0,215.0,,
4362478,Emari,Demercado,2,https://a.espncdn.com/i/headshots/nfl/players/full/4362478.png,25.0,69.0,215.0,,
4260394,Aidan,O'Connell,2,https://a.espncdn.com/i/headshots/nfl/players/full/4260394.png,25.0,75.0,210.0,,
4429795,Jahmyr,Gibbs,2,https://a.espncdn.com/i/headshots/nfl/players/full/4429795.png,22.0,69.0,200.0,,
4429022,Kayshon,Boutte,2,https://a.espncdn.com/i/headshots/nfl/players/full/4429022.png,22.0,71.0,197.0,,
4685247,Braelon,Allen,0,https://a.espncdn.com/i/headshots/college-football/players/full/4685247.png,20.0,73.0,235.0,,
3139477,Patrick,Mahomes,8,https://a.espncdn.com/i/headshots/nfl/players/full/3139477.png,28.0,74.0,225.0,,
3139925,Rashaad,Penny,7,https://a.espncdn.com/i/headshots/nfl/players/full/3139925.png,28.0,71.0,220.0,,
4429084,Anthony,Richardson,2,https://a.espncdn.com/i/headshots/nfl/players/full/4429084.png,22.0,76.0,244.0,,
4368003,Andrei,Iosivas,2,https://a.espncdn.com/i/headshots/nfl/players/full/4368003.png,24.0,75.0,205.0,,
4048228,John,Bates,4,https://a.espncdn.com/i/headshots/nfl/players/full/4048228.png,26.0,78.0,259.0,,
4038441,Justice,Hill,6,https://a.espncdn.com/i/headshots/nfl/players/full/4038441.png,26.0,70.0,197.0,,
4373678,Khalil,Shakir,3,https://a.espncdn.com/i/headshots/nfl/players/full/4373678.png,24.0,72.0,190.0,,
1,Arizona,Cardinals,,https://a.espncdn.com/combiner/i?img=/i/teamlogos/nfl/500/ari.png,,,,,
2,Atlanta,Falcons,,https://a.espncdn.com/combiner/i?img=/i/teamlogos/nfl/500/atl.png,,,,,
3,Baltimore,Ravens,,https://a.espncdn.com/combiner/i?img=/i/teamlogos/nfl/500/bal.png,,,,,
4,Buffalo,Bills,,https://a.espncdn.com/combiner/i?img=/i/teamlogos/nfl/500/buf.png,,,,,
5,Carolina,Panthers,,https://a.espncdn.com/combiner/i?img=/i/teamlogos/nfl/500/car.png,,,,,
6,Chicago,Bears,,https://a.espncdn.com/combiner/i?img=/i/teamlogos/nfl/500/chi.png,,,,,
7,Cincinnati,Bengals,,https://a.espncdn.com/combiner/i?img=/i/teamlogos/nfl/500/cin.png,,,,,
8,Cleveland,Browns,,https://a.espncdn.com/combiner/i?img=/i/teamlogos/nfl/500/cle.png,,,,,
9,Dallas,Cowboys,,https://a.espncdn.com/combiner/i?img=/i/teamlogos/nfl/500/dal.png,,,,,
10,Denver,Broncos,,https://a.espncdn.com/combiner/i?img=/i/teamlogos/nfl/500/den.png,,,,,
11,Detroit,Lions,,https://a.espncdn.com/combiner/i?img=/i/teamlogos/nfl/500/det.png,,,,,
12,Green Bay,Packers,,https://a.espncdn.com/combiner/i?img=/i/teamlogos/nfl/500/gb.png,,,,,
13,Houston,Texans,,https://a.espncdn.com/combiner/i?img=/i/teamlogos/nfl/500/hou.png,,,,,
14,Indianapolis,Colts,,https://a.espncdn.com/combiner/i?img=/i/teamlogos/nfl/500/ind.png,,,,,
15,Jacksonville,Jaguars,,https://a.espncdn.com/combiner/i?img=/i/teamlogos/nfl/500/jax.png,,,,,
16,Kansas City,Chiefs,,https://a.espncdn.com/combiner/i?img=/i/teamlogos/nfl/500/kc.png,,,,,
17,Las Vegas,Raiders,,https://a.espncdn.com/combiner/i?img=/i/teamlogos/nfl/500/lv.png,,,,,
18,Los Angeles,Chargers,,https://a.espncdn.com/combiner/i?img=/i/teamlogos/nfl/500/lac.png,,,,,
19,Los Angeles,Rams,,https://a.espncdn.com/combiner/i?img=/i/teamlogos/nfl/500/lar.png,,,,,
20,Miami,Dolphins,,https://a.espncdn.com/combiner/i?img=/i/teamlogos/nfl/500/mia.png,,,,,
21,Minnesota,Vikings,,https://a.espncdn.com/combiner/i?img=/i/teamlogos/nfl/500/min.png,,,,,
22,New England,Patriots,,https://a.espncdn.com/combiner/i?img=/i/teamlogos/nfl/500/ne.png,,,,,
23,New Orleans,Saints,,https://a.espncdn.com/combiner/i?img=/i/teamlogos/nfl/500/no.png,,,,,
24,New York,Giants,,https://a.espncdn.com/combiner/i?img=/i/teamlogos/nfl/500/nyg.png,,,,,
25,New York,Jets,,https://a.espncdn.com/combiner/i?img=/i/teamlogos/nfl/500/nyj.png,,,,,
26,Pittsburgh,Steelers,,https://a.espncdn.com/combiner/i?img=/i/teamlogos/nfl/500/pit.png,,,,,
27,Philadelphia,Eagles,,https://a.espncdn.com/combiner/i?img=/i/teamlogos/nfl/500/phi.png,,,,,
28,San Francisco,49ers,,https://a.espncdn.com/combiner/i?img=/i/teamlogos/nfl/500/sf.png,,,,,
29,Seattle,Seahawks,,https://a.espncdn.com/combiner/i?img=/i/teamlogos/nfl/500/sea.png,,,,,
30,Tampa Bay,Buccaneers,,https://a.espncdn.com/combiner/i?img=/i/teamlogos/nfl/500/tb.png,,,,,
31,Tennessee,Titans,,https://a.espncdn.com/combiner/i?img=/i/teamlogos/nfl/500/ten.png,,,,,
32,Washington,Commanders,,https://a.espncdn.com/combiner/i?img=/i/teamlogos/nfl/500/wsh.png,,,,,
